Price,Close,High,Low,Open,Volume,RSI,MA_Short,MA_Long,EMA_12,EMA_26,MACD,Signal_Line,MACD_Histogram,BB_Middle,BB_Upper,BB_Lower,Volume_MA,RSI_Buy_Signal,MA_Crossover,Buy_Signal,Sell_Signal
Ticker,HDFCBANK.NS,HDFCBANK.NS,HDFCBANK.NS,HDFCBANK.NS,HDFCBANK.NS,,,,,,,,,,,,,,,,
Date,,,,,,,,,,,,,,,,,,,,,
2023-01-02,1571.256103515625,1581.9164198328474,1561.4641857371355,1569.616109204478,2190689,,,,1571.256103515625,1571.256103515625,0.0,0.0,0.0,,,,,0,0,0,0
2023-01-03,1581.5306396484375,1585.051928898612,1564.9854909703072,1564.9854909703072,4189015,,,,1572.8368013822114,1572.0171802662037,0.8196211160077382,0.16392422320154765,0.6556968928061906,,,,,0,0,0,0
2023-01-04,1553.2640380859375,1587.704862057253,1550.321563619022,1577.334011522776,5175800,,,,1569.8256070289385,1570.628058623221,-0.8024515942825019,-0.02935094029526228,-0.7731006539872396,,,,,0,0,0,0
2023-01-05,1543.2791748046875,1560.9820718684632,1533.3425223370161,1558.0395970405216,5470718,,,,1565.7415405329,1568.6022153774036,-2.860674844503592,-0.5956157211369282,-2.2650591233666635,,,,,0,0,0,0
2023-01-06,1538.1661376953125,1552.3476271409502,1522.5374349182448,1545.4980650125465,4546231,,,,1561.499170865579,1566.3476911046562,-4.848520239077288,-1.4461966247250002,-3.402323614352288,,,,,0,0,0,0
2023-01-09,1541.1566162109375,1554.7111236973547,1533.9211391395247,1539.709520796655,5364670,,,,1558.369547072557,1564.4816855569732,-6.112138484416164,-2.3793849966632328,-3.732753487752931,,,,,0,0,0,0
2023-01-10,1512.986572265625,1543.5684755821242,1509.8029151787653,1543.5684755821242,8185883,,,,1551.3875509484137,1560.667232720577,-9.279681772163258,-3.7594443517632383,-5.5202374204000195,,,,,0,0,0,0
2023-01-11,1534.7894287109375,1541.6389901580285,1504.9792394533945,1512.6487980869458,7597899,,,,1548.8339936811099,1558.7503583494924,-9.916364668382585,-4.990828415087108,-4.925536253295476,,,,,0,0,0,0
2023-01-12,1542.98974609375,1547.3310326708622,1528.2776082490916,1531.7988975812918,4625035,,,,1547.9348786676699,1557.5829055898078,-9.648026922137888,-5.922268116497264,-3.7257588056406235,,,,,0,0,0,0
2023-01-13,1544.1956787109375,1553.119434566503,1530.0623553434598,1542.3626674686989,4622273,,1546.3614135742187,,1547.359617135865,1556.591259154336,-9.23164201847112,-6.584142896892036,-2.6474991215790844,,,,,0,0,0,0
2023-01-16,1529.3870849609375,1564.1173778788575,1524.563433166782,1558.039529512247,7374047,,1542.17451171875,,1544.594612185876,1554.5761351400101,-9.981522954134107,-7.263618908340451,-2.717904045793656,,,,,0,0,0,0
2023-01-17,1552.154541015625,1554.1804510114446,1521.8619872567062,1533.7282165771023,5393177,,1539.2369018554687,,1545.7576781596836,1554.3967577974631,-8.63907963777956,-7.538711054228273,-1.1003685835512869,,,,,0,0,0,0
2023-01-18,1579.552978515625,1583.701248176133,1543.2790247660257,1548.3921424983162,9545321,,1541.8657958984375,,1550.9569551375207,1556.260181554364,-5.303226416843245,-7.091614126751267,1.7883877099080223,,,,,0,0,0,0
2023-01-19,1586.1131591796875,1591.8050918489832,1575.4046757511453,1579.2635971859306,5586081,53.960966052767745,1546.1491943359374,,1556.3656019132388,1558.4715132303138,-2.1059113170749697,-6.094473564816008,3.9885622477410383,,,,,0,0,0,0
2023-01-20,1602.36865234375,1610.1347779172047,1585.4377072133404,1586.1129712784573,9421702,57.63315204370118,1552.5694458007813,,1563.4429942871636,1561.7231531646426,1.7198411225210748,-4.531610627348592,6.251451749869667,,,,,0,0,0,0
2023-01-23,1614.0902099609375,1623.2551476325543,1602.802912776601,1607.4818310875464,7722200,57.93184621624933,1559.8628051757812,,1571.2348736215904,1565.6021944088127,5.632679212777703,-2.4987526593233333,8.131431872101036,,,,,0,0,0,0
2023-01-24,1635.7001953125,1642.3568578201632,1615.923224505124,1615.971508125259,12491970,70.75544474789515,1572.1341674804687,,1581.1526154201918,1570.794638920197,10.35797649999472,0.07259317254027753,10.285383327454444,,,,,0,0,0,1
2023-01-25,1590.502685546875,1633.240168599333,1587.2708624873728,1631.7449072435593,7352071,60.099044277543264,1577.7054931640625,,1582.5910877473739,1572.254494225877,10.33659352149698,2.1253932423316177,8.21120027916536,,,,,0,0,0,0
2023-01-27,1558.811279296875,1579.2635147273847,1533.8729066147398,1574.4398631857616,17589974,53.96442158708132,1579.287646484375,,1578.9326556780663,1571.2587005274324,7.673955150633901,3.235105623992075,4.438849526641826,,,,,0,0,0,0
2023-01-30,1557.219482421875,1567.976249131562,1526.2033788251288,1538.7448730885465,9256411,53.101160127584336,1580.5900268554688,,1575.5921674848062,1570.2187584455394,5.3734090392667895,3.662766307047018,1.7106427322197715,1563.4757202148437,1625.6202295899714,1501.331210839716,7185058.35,0,0,0,0
2023-01-31,1546.9449462890625,1565.4677198683135,1538.7447392148767,1562.5735291362478,9298122,57.04279087807098,1582.3458129882813,,1571.184902685461,1568.4947723598743,2.690130325586779,3.4682391107549706,-0.7781087851681918,1562.2601623535156,1624.7141803355921,1499.8061443714391,7540430.0,0,0,0,0
2023-02-01,1570.1468505859375,1606.275953300447,1549.3568654657768,1566.7220109068626,8651395,57.29063781502368,1584.1450439453124,,1571.0252023624575,1568.6171485247678,2.4080538376897493,3.2562020561419267,-0.8481482184521774,1561.6909729003905,1623.6107252857103,1499.7712205150708,7763549.0,0,0,0,0
2023-02-02,1546.8004150390625,1567.204485915605,1532.7153751913927,1551.3828842961257,8748553,50.73955882805855,1580.8697875976563,,1567.2983120050121,1567.0010941924932,0.29721781251896573,2.6644052074173348,-2.367187394898369,1561.3677917480468,1623.5396948712958,1499.1958886247978,7942186.65,0,0,0,0
2023-02-03,1600.2945556640625,1601.9345499522035,1550.3214825493474,1554.1804034766637,7205550,59.05055812451258,1582.2879272460937,,1572.3746571833276,1569.4672765237206,2.9073806596070426,2.7130002978552765,0.1943803617517661,1564.2185607910155,1628.1032406259612,1500.3338809560698,8028928.25,0,0,0,0
2023-02-06,1593.4932861328125,1610.520799620864,1588.1389858177972,1601.4523111732822,5583836,60.616699228226345,1581.400390625,,1575.62367702171,1571.246980939209,4.376696082500985,3.0457394547844183,1.3309566277165663,1566.9849182128905,1630.9111497707254,1503.0586866550557,8080808.5,0,0,0,0
2023-02-07,1595.8568115234375,1606.1794963689108,1575.0186606438303,1600.8734797309821,5132294,57.762167107884906,1579.57705078125,,1578.7364669450526,1573.0699313528555,5.666535592197079,3.5698986822669507,2.096636909930128,1569.7199279785157,1633.6739478205757,1505.7659081364557,8069189.7,0,0,0,0
2023-02-08,1595.663818359375,1609.36294067342,1591.8048973959908,1595.9050009195864,4222413,53.16764974693363,1575.5734130859375,,1581.3406748549482,1574.7435526125976,6.597122242350679,4.175343394283697,2.4217788480669817,1573.8537902832031,1632.8643862146382,1514.843194351768,7871016.2,0,0,0,0
2023-02-09,1592.335693359375,1603.044176469872,1577.8647384087215,1601.4523478723136,5888668,51.23919969700077,1575.7567138671875,,1583.0322161633217,1576.0466741493958,6.985542013925851,4.7373831182121275,2.2481588957137237,1576.731103515625,1633.2822770255086,1520.1799300057412,7785554.65,0,0,0,0
2023-02-10,1598.654541015625,1600.0051869754636,1584.2800361325612,1590.647350262525,4086058,49.22986579729367,1579.7410400390625,,1585.4356507559837,1577.7213309543017,7.714319801681995,5.332770454906101,2.381549346775894,1579.5143432617188,1634.5318462409855,1524.496840282452,7758605.8,0,0,0,0
2023-02-13,1599.8604736328125,1603.1405802143702,1586.5472661169797,1596.628650672353,2868472,46.91487413363991,1584.0051391601562,1570.3188598632812,1587.6548542754958,1579.3612674490062,8.293586826489673,5.924933729222816,2.368653097266857,1582.2975830078126,1635.3904019247402,1529.204764090885,7670915.75,0,0,0,0
2023-02-14,1614.6690673828125,1618.3350896546192,1599.474565050735,1606.275960819637,5454296,45.30171381760329,1590.7775512695312,1571.765958658854,1591.8108870612368,1581.9766600366956,9.834227024541178,6.706792388286488,3.12743463625469,1586.5616821289063,1635.2805677318693,1537.8427965259434,7574928.2,0,0,0,0
2023-02-15,1611.3890380859375,1618.8174141557708,1598.3168956511165,1618.8174141557708,5719356,55.741178065405435,1594.9017700195313,1572.7612386067708,1594.8229102958062,1584.1553547070098,10.667555588796404,7.498945028388472,3.1686105604079318,1589.5234069824219,1636.6098372110168,1542.436976753827,7591237.15,0,0,0,0
2023-02-16,1605.5523681640625,1622.579881155591,1602.4169947546989,1614.186657062339,4031250,64.97681721072752,1600.7769653320313,1574.5041829427084,1596.4735961216918,1585.7403186667914,10.733277454900417,8.145811513690862,2.5874659412095546,1590.8233764648437,1638.185578405321,1543.4611745243665,7315533.6,0,0,0,0
2023-02-17,1597.4969482421875,1609.3148945719433,1585.0036200346299,1602.4170492836304,4478135,62.39242407056726,1600.4972045898437,1576.3114420572917,1596.6310349094604,1586.6111801168208,10.019854792639535,8.520620169480598,1.4992346231589373,1591.3925659179688,1638.7900279881842,1543.9951038477534,7260136.3,0,0,0,0
2023-02-20,1582.495361328125,1610.5689901664211,1577.1411786959632,1601.4523357226476,4043353,60.62884992843029,1599.397412109375,1577.789082845052,1594.4563158969472,1586.3063046509915,8.150011245955739,8.446498384775627,-0.296487138819888,1590.3989013671876,1637.6605595609426,1543.1372431734326,6991218.85,0,0,0,0
2023-02-21,1588.428466796875,1603.7194187669563,1576.3693378354656,1582.157719736942,6194648,56.095226234344054,1598.6545776367188,1579.3648111979167,1593.5289544969362,1586.4635018469828,7.065452649953386,8.170289237811179,-1.1048365878577933,1589.1158142089844,1635.0438674380616,1543.1877609799071,6914841.25,0,0,0,0
2023-02-22,1557.2674560546875,1584.0387193508766,1552.299189690933,1581.1928123406724,5179551,53.316947043969094,1594.81494140625,1580.840840657552,1587.950262428898,1584.3008317882943,3.6494306406036685,7.266117518369677,-3.616686877766009,1585.1941772460937,1627.6359949403493,1542.752359551838,6549220.3,0,0,0,0
2023-02-23,1546.703857421875,1561.7536265872932,1535.94709099644,1556.1099778708776,13941005,26.66940884746566,1590.2517578125,1581.23798828125,1581.6046616585868,1581.515870724115,0.08879093447171726,5.830652201590086,-5.741861267118368,1583.0042358398437,1628.688783650602,1537.3196880290852,6878667.0,1,0,1,0
2023-02-24,1532.908203125,1560.83721669858,1529.2904644054895,1560.83721669858,8530870,25.138480496516067,1583.6771240234375,1580.9019368489583,1574.1128988072658,1577.9153027538102,-3.802403946544473,3.9040409719631746,-7.706444918507648,1581.70908203125,1631.5601970922467,1531.8579669702535,6425711.8,1,0,1,0
2023-02-27,1536.718994140625,1542.6038257075982,1521.6692242720744,1529.9658817078837,7156486,26.017241396380825,1577.3629760742188,1580.652714029948,1568.3599903970135,1574.8637243380188,-6.503733941005294,1.822485989369481,-8.326219930374775,1580.6840576171876,1633.4152307888965,1527.9528844454787,6320715.55,1,0,1,1
2023-02-28,1543.1826171875,1548.6816507448225,1532.6670330043112,1535.8506902093366,9496996,29.746839020897326,1570.2143310546876,1581.1125651041666,1564.4865483647807,1572.5169756602027,-8.030427295421987,-0.14809666758881246,-7.882330627833174,1580.4959411621094,1633.7580766399494,1527.2338056842693,6330659.25,1,0,1,0
2023-03-01,1541.6873779296875,1556.1100495094959,1539.4684510259008,1555.1453191626208,7068628,30.17369655904011,1563.2441650390624,1580.7636596679688,1560.9789836824586,1570.2333017542385,-9.254318071779835,-1.969340948427017,-7.284977123352818,1579.0729675292969,1634.9554860925177,1523.190448966076,6251520.9,1,0,1,0
2023-03-02,1528.5670166015625,1549.3087199495458,1526.2034742562566,1537.780238915596,8695907,23.951281346323285,1555.5456298828126,1579.0641276041667,1555.9925272084747,1567.1469102614478,-11.154383052973117,-3.806349369336237,-7.34803368363688,1578.1612976074218,1636.7881749151302,1519.5344202997135,6248888.6,1,0,1,0
2023-03-03,1558.90771484375,1562.8630855195481,1531.9917159290387,1539.709558326666,7493117,37.48895212026059,1551.6867065429688,1578.1572794596354,1556.4410176139015,1566.5365994897666,-10.095581875865037,-5.064195870641997,-5.031386005223039,1576.0919555664063,1634.3499151959413,1517.8339959368714,6263266.95,1,0,1,0
2023-03-06,1569.9056396484375,1581.6270183974684,1560.9818845135405,1562.8630614630345,13502355,35.998802631156934,1550.427734375,1577.0751790364584,1558.5124979269071,1566.7861580200386,-8.273660093131411,-5.706088715139881,-2.5675713779915306,1574.9125732421876,1632.6398762447402,1517.185270239635,6659192.9,1,0,1,0
2023-03-08,1573.0411376953125,1581.675427322817,1562.8631852778065,1562.8631852778065,10049887,37.994610021446796,1548.8890014648437,1575.706876627604,1560.7476732758926,1567.2494898478365,-6.501816571943891,-5.865234286500683,-0.6365822854432084,1573.7717895507812,1630.6519231411348,1516.8916559604277,6905072.55,1,0,1,0
2023-03-09,1573.1856689453125,1587.8978061684572,1569.6162139053415,1572.4621212130269,10350083,39.49263071797001,1550.4808227539063,1573.6230590820312,1562.6612110711878,1567.68920681802,-5.027995746832175,-5.697786578566982,0.6697908317348062,1572.647882080078,1628.5871909949933,1516.7085731651628,7211456.05,1,0,1,0
2023-03-10,1532.6187744140625,1556.833480755398,1529.0974853585167,1553.649823743003,13693500,32.60923341915033,1549.072314453125,1571.6935953776042,1558.0392977393226,1565.0913970103195,-7.052099270996905,-5.968649117052967,-1.0834501539439376,1569.6620361328125,1627.5187445480622,1511.805327717563,7601697.65,1,0,1,0
2023-03-13,1513.227783203125,1547.2345268181991,1509.7546598560236,1531.8952912516052,13221775,31.85952061871491,1547.1042724609374,1570.1741455078125,1551.1452185799076,1561.2496478394162,-10.104429259508606,-6.7958051455440955,-3.3086241139645107,1565.3906982421875,1626.7430316733978,1504.038364810977,8058483.5,1,0,1,0
2023-03-14,1509.17578125,1527.746839032758,1504.3039640230893,1514.8677134221161,16592806,29.037986421336356,1544.349951171875,1568.5726888020833,1544.6883820676142,1557.3923243883482,-12.703942320734086,-7.977432580582095,-4.726509740151991,1560.856463623047,1624.8306075583957,1496.882319687698,8744700.2,1,0,1,0
2023-03-15,1487.517578125,1527.0715178989494,1482.4044607555695,1522.344316177859,18632377,30.574961635454898,1538.783447265625,1566.591776529948,1535.8928737687504,1552.2164172577297,-16.32354348897934,-9.646654762261544,-6.676888726717795,1554.4988891601563,1621.171227667855,1487.8265506524576,9403604.25,1,0,1,0
2023-03-16,1497.1650390625,1504.1110504085325,1478.0151653554417,1484.7199941163353,10876671,36.13289285387226,1534.3312133789063,1564.1590494791667,1529.9347453524042,1548.1385373914163,-18.203792039012114,-11.35808221761166,-6.845709821400455,1548.7876892089844,1614.5032303565092,1483.0721480614595,9661470.0,1,0,1,0
2023-03-17,1517.18310546875,1523.5020181732555,1485.6846381269052,1502.56741810562,11475438,45.74634731361459,1533.192822265625,1563.171805826823,1527.9729546010726,1545.8455424341817,-17.872587833109037,-12.660983340711136,-5.2116044923979015,1544.3692260742187,1605.7553092930975,1482.9831428553398,10033679.4,0,0,0,0
2023-03-20,1506.6676025390625,1512.7936166208592,1490.8942850954022,1512.6488835174446,13251557,42.155608790219944,1527.9688110351562,1560.050907389323,1524.6952081299942,1542.943472812321,-18.248264682326862,-13.778439609034281,-4.469825073292581,1539.8277587890625,1598.0208173621363,1481.6347002159887,10472350.5,0,0,0,0
2023-03-21,1523.7431640625,1526.685638465354,1501.3131854878905,1516.5076871029485,16525247,45.192037128506605,1523.3525634765624,1557.7259033203125,1524.548739811918,1541.5212277197415,-16.972487907823506,-14.417249268792128,-2.555238639031378,1536.8901489257812,1591.8564566172024,1481.92384123436,11096445.2,0,0,0,0
2023-03-22,1520.2220458984375,1530.1105314217418,1510.0923778013942,1528.1327872111094,7088662,44.743651214038294,1518.070654296875,1555.204744466146,1523.8830945944594,1539.943510547793,-16.06041595333363,-14.74588260570043,-1.3145333476332013,1533.4798278808594,1583.1951708854244,1483.7644848762943,11141145.9,0,0,0,0
2023-03-23,1508.0181884765625,1534.2588054693156,1503.580452659911,1512.455924293214,14182089,44.94539309405504,1511.55390625,1552.283223470052,1521.4423398070908,1537.57867187585,-16.136332068759202,-15.023972498312185,-1.1123595704470173,1531.0173645019531,1580.650422515553,1481.3843064883533,11591272.8,0,0,0,0
2023-03-24,1505.6064453125,1518.389122458762,1500.1074116547695,1504.979347031583,15738874,34.80054024700985,1508.8526733398437,1549.3922485351563,1519.0060483463844,1535.2103587970835,-16.20431045069904,-15.260040088789557,-0.9442703619094832,1528.9624938964844,1579.2595923097772,1478.6653954831916,11681166.25,1,0,1,0
2023-03-27,1512.16650390625,1523.7432678299137,1503.918130269599,1507.101669689647,15936003,33.107480223567435,1508.7465454101562,1546.5093139648438,1517.95381074021,1533.5034065829477,-15.549595842737745,-15.317951239579195,-0.23164460315854996,1527.9254089355468,1578.7327162651347,1477.1181016059588,12051422.9,1,0,1,0
2023-03-28,1524.466796875,1527.071639384831,1508.9346623542654,1510.4782073054998,19638151,36.51209440967852,1510.2756469726562,1543.99619140625,1518.9558086071006,1532.8340280860627,-13.878219478962137,-15.030004887455783,1.1517854084936463,1527.3127990722655,1577.968906535142,1476.656691609389,12675506.15,1,0,1,0
2023-03-29,1531.798828125,1545.4979513745325,1526.1068957623324,1528.1328058534702,19881806,38.94899747911157,1514.7037719726563,1541.2338500976562,1520.9316577637005,1532.7573466074655,-11.825688843764965,-14.38914167871762,2.5634528349526544,1526.7436096191407,1576.902283335364,1476.5849359029173,13194746.65,1,0,1,0
2023-03-31,1552.78173828125,1556.0617271670621,1536.2365896910446,1539.3236796182555,17355614,56.01269992887049,1520.2654418945312,1539.2802734375,1525.831670151016,1534.2406348795976,-8.408964728581623,-13.193106288690421,4.784141560108798,1527.2983276367188,1578.3895840705381,1476.2070712028994,13709095.95,0,0,0,0
2023-04-03,1553.746337890625,1558.7146044234894,1546.2213948993249,1550.8521471654976,20012699,63.574654711835905,1523.9217651367187,1537.5534057617188,1530.1262344186482,1535.6855017693033,-5.559267350655091,-11.666338501083356,6.107071150428265,1528.5572937011718,1581.0031375736492,1476.1114498286945,14274935.55,0,0,0,0
2023-04-05,1595.4227294921875,1597.5933726615647,1559.004160761527,1561.5124359820436,21682696,73.07699593878056,1532.7972778320313,1537.4842651367187,1540.1718490453466,1540.110481600628,0.06136744471859856,-9.320797311922965,9.382164756641563,1530.3830444335938,1589.4073252319213,1471.3587636352663,14984414.5,0,0,0,1
2023-04-06,1607.5782470703125,1610.32770476153,1589.0071895436834,1590.4061190812672,22318672,83.84562707548307,1541.1807861328125,1538.320361328125,1550.5420641261107,1545.1080938576417,5.433970268469011,-6.369843795844569,11.803814064313581,1532.2666748046875,1598.5586362098288,1465.974713399546,15425230.35,0,1,1,1
2023-04-10,1599.9569091796875,1612.0643214768825,1595.6639064768185,1604.5876616974417,15906643,79.31232538532711,1549.1542724609376,1538.7046427408854,1558.144347980507,1549.1709690666821,8.973378913824945,-3.3011992539106667,12.274578167735612,1533.6124633789063,1604.3345328383305,1462.8903939194822,15718068.15,0,0,0,1
2023-04-11,1604.635986328125,1610.5208177196796,1592.8662057800839,1600.4875988514102,21180771,77.32902526855469,1558.8160522460937,1540.28359375,1565.2969077262946,1553.279488863826,12.01741886246873,-0.23747563063478738,12.254894493103517,1535.1849792480468,1610.8386205575741,1459.5313379385195,16259602.55,0,0,0,1
2023-04-12,1625.47412109375,1628.657660454309,1608.9772563637835,1609.1701553196,13477752,84.87690310854501,1570.8028198242187,1542.909269205729,1574.554940552057,1558.6272393993759,15.927701152681038,2.995559726028378,12.93214142665266,1539.8277465820313,1625.5456889569953,1454.1098042070673,16248815.15,0,0,0,1
2023-04-13,1632.7578125,1637.1956662641865,1618.9622393335205,1628.7542758115571,17665043,83.95444189958238,1582.8619506835937,1546.2375895182292,1583.5092285440483,1564.1183929623849,19.390835581663396,6.274614897155382,13.116220684508015,1545.804248046875,1639.9653692206232,1451.643126873127,16470978.55,0,0,0,1
2023-04-17,1607.8677978515625,1659.3361364374953,1594.9886717409204,1659.3361364374953,16202574,74.09178577324542,1591.20205078125,1548.6092163085937,1587.2567007452044,1567.3590896208425,19.8976111243619,8.999214142596685,10.898396981765217,1550.7388488769532,1647.1352218658699,1454.3424758880365,16451466.95,0,0,0,1
2023-04-18,1601.06640625,1618.0939198524095,1597.9793163498448,1611.0996250729013,14818613,76.35968779934502,1598.12880859375,1550.5386759440105,1589.3812708228652,1569.8559278896691,19.525342933196043,11.104439900716557,8.420903032479487,1556.4162902832031,1650.4817832380195,1462.3507973283868,16260778.75,0,0,0,1
2023-04-19,1606.9512939453125,1611.3891477591312,1598.7029201268836,1606.2760298075236,12370584,78.15598680609395,1603.5457641601563,1552.7141398111978,1592.0843513032419,1572.6037327826798,19.480618520562075,12.77967562468566,6.700942895876414,1561.9056030273437,1654.209369636702,1469.6018364179854,16335474.4,0,0,0,1
2023-04-20,1612.9326171875,1618.2867997103544,1607.6266005208395,1612.7396004679365,16461358,78.08551582225077,1609.4643920898438,1555.5263264973958,1595.291776823897,1575.5910575534072,19.7007192704898,14.16388435384649,5.5368349166433095,1566.6930786132812,1659.1623466293822,1474.22381059718,16584770.4,0,0,0,1
2023-04-21,1615.537353515625,1617.8044461910583,1604.5876880505,1610.134887332803,10064309,76.83343524080135,1611.4758544921874,1557.4139811197917,1598.4064809303165,1578.5500424394975,19.856438490819073,15.302395181241007,4.554043309578066,1572.1365661621094,1662.5220104190291,1481.7511219051896,16425408.0,0,0,0,1
2023-04-24,1628.609375,1631.7929141267741,1615.0548680487389,1627.4999116732017,17837926,77.59140868316388,1613.5789672851563,1559.3707722981771,1603.0530800179602,1582.2581411476829,20.794938870277292,16.400903919048265,4.3940349512290275,1577.3798767089843,1668.1110251881682,1486.6487282298003,16491041.95,0,0,0,1
2023-04-25,1605.4559326171875,1628.1752602447204,1603.2852894687967,1628.1752602447204,25176534,64.82889825307072,1614.1288696289062,1560.4512654622397,1603.4227496486105,1583.9764960713499,19.446253577260677,17.00997385069075,2.4362797265699285,1581.6415710449219,1669.0133450199185,1494.2697970699253,17395435.55,0,0,0,0
2023-04-26,1612.836181640625,1615.9232715310104,1596.6286653037746,1601.4523168605836,13696375,66.05508421171336,1614.9488891601563,1561.77294921875,1604.8709699550743,1586.1142505579628,18.75671939711151,17.359322959974904,1.3973964371366066,1586.882470703125,1668.0113978573368,1505.753543548913,17371149.85,0,0,0,0
2023-04-27,1621.711669921875,1625.8117737869363,1607.0959820028468,1611.5820015493707,23895196,58.69220740956002,1614.5726440429687,1564.7427124023438,1607.4618468730437,1588.7510964367711,18.71075043627252,17.62960845523443,1.0811419810380904,1592.6877319335938,1665.5210644653853,1519.8543994018023,17778965.95,0,0,0,0
2023-04-28,1628.078857421875,1631.3589640486432,1611.0996274164602,1625.2811159530158,13958136,57.04812961699264,1614.1047485351562,1568.5710815429688,1610.633694649787,1591.6642639171491,18.969430732637875,17.89757291071512,1.0718578219227552,1598.483349609375,1662.216969543285,1534.749729675465,17680072.6,0,0,0,0
2023-05-02,1627.7412109375,1639.0767920478959,1622.6763768243443,1629.1400227770662,16110592,60.05589726778467,1616.09208984375,1572.523262532552,1613.2656202325122,1594.336630363101,18.928989869411225,18.103856302454343,0.8251335669568824,1603.6470703125,1658.2049490194256,1549.0891916055746,17503694.65,0,0,0,0
2023-05-03,1633.4332275390625,1636.1826855035783,1620.4093677193111,1625.5223679525482,14703635,60.34664395355507,1619.3287719726563,1577.387117513021,1616.3683290489046,1597.2326745983573,19.135654450547236,18.31021593207292,0.8254385184743143,1608.7287902832031,1653.0891277420005,1564.3684528244057,17244786.1,0,0,0,0
2023-05-04,1666.861083984375,1673.2764463618742,1627.5964895373907,1627.5964895373907,28427319,63.636385574732614,1625.3197509765625,1583.04365234375,1624.136445192823,1602.3903345528772,21.746110639945755,18.997394873647487,2.748715766298268,1614.4327575683594,1657.8301232411982,1571.0353918955207,17798371.35,0,0,0,0
2023-05-05,1568.3138427734375,1602.368751857033,1564.8890030871237,1581.1929687831453,31385208,36.740769837797494,1620.8578735351562,1584.7480102539062,1615.5483525129175,1599.8661499766224,15.682202536295108,18.33435640617701,-2.6521538698819036,1615.1611328125,1654.5761341204673,1575.7461315045327,18366996.8,1,0,1,0
2023-05-08,1586.45068359375,1592.1426158767842,1572.5103779625686,1577.3340294287113,18622262,45.46751394112307,1617.9492065429688,1587.4074462890626,1611.071788063815,1598.8724117260392,12.199376337775675,17.107360392496744,-4.907984054721069,1614.7125305175782,1655.2613613965266,1574.1636996386299,18213975.1,0,0,0,0
2023-05-09,1586.4990234375,1597.5934222027972,1582.1094533417788,1591.708590758539,21844469,46.82640654419352,1613.7381713867187,1589.4993082682292,1607.2913627366895,1597.9558644454069,9.335498291282647,15.552987972253925,-6.217489680971278,1613.6585693359375,1656.0424635084796,1571.2746751633954,18190264.95,0,0,0,0
2023-05-10,1593.8310546875,1596.2911642893985,1575.5011772669025,1586.499127272249,23170275,47.15958551687504,1612.57568359375,1591.9529418945312,1605.220546113737,1597.6503229818582,7.570223131878947,13.956435004178932,-6.3862118722999845,1613.352276611328,1656.2386438385965,1570.4659093840596,18553446.55,0,0,0,0
2023-05-11,1594.8922119140625,1628.4648761346625,1591.0815740314526,1606.4208105764671,17867309,46.00940006664186,1610.7812866210938,1594.8487426757813,1603.6315716214795,1597.4460184583177,6.185553163161785,12.402258635975503,-6.216705472813718,1612.865087890625,1656.3850665129282,1569.345109268322,18387773.45,0,0,0,0
2023-05-12,1608.977294921875,1613.8009465821938,1586.2578484958008,1588.910856908976,11239380,48.61903156440545,1609.5078491210938,1598.2944376627604,1604.4539905907711,1598.300187085248,6.1538035055232285,11.15256760988505,-4.998764104361822,1612.0402465820312,1655.1776415544243,1568.902851609638,18275854.85,0,0,0,0
2023-05-15,1616.695068359375,1621.4704361926592,1606.3723835893002,1613.0290461485208,9256130,47.43405714574151,1608.3694702148437,1601.7787231445313,1606.3372333244024,1599.6627708833314,6.674462441071,10.25694657612224,-3.5824841350512404,1611.237109375,1653.336027362139,1569.138191387861,17855409.2,0,0,0,0
2023-05-16,1607.4251708984375,1631.3321189465648,1604.2050037192428,1631.3321189465648,16361043,50.45108324851522,1606.3378662109376,1604.5440022786458,1606.5046083357925,1600.2377634770428,6.266844858749664,9.458926232647727,-3.1920813738980627,1611.2149780273437,1653.3218185102303,1569.1081375444571,17863332.65,0,0,0,0
2023-05-17,1598.7891845703125,1610.0596497648444,1586.0063105679958,1610.0596497648444,15233434,46.8007319729964,1602.8734619140625,1606.7770141601563,1605.3176200641801,1600.1304613358034,5.187158728376744,8.604572731793532,-3.4174140034167877,1611.1011169433593,1653.3356279513052,1568.8666059354134,17884073.7,0,0,0,1
2023-05-18,1605.1806640625,1613.9139701812826,1600.3016954787233,1608.108045212766,24823471,46.191899342998454,1596.705419921875,1608.5236450195312,1605.2965499100753,1600.5045504266698,4.7919994834055615,7.842058082115938,-3.0500585987103763,1611.0125854492187,1653.291123230217,1568.7340476682205,18506718.05,0,0,0,0
2023-05-19,1607.0347900390625,1610.0597269150248,1592.0563794329735,1608.108139367249,15230166,45.049327812707666,1600.5775146484375,1610.2999267578125,1605.5639714683812,1600.9882718794397,4.575699588941461,7.188786383481043,-2.6130867945395817,1610.7176940917968,1653.02211021431,1568.4132779692836,18445158.45,0,0,0,0
2023-05-22,1601.3262939453125,1612.8894254304994,1593.1783212838372,1605.1806314018943,14167016,43.93898398133443,1602.0650756835937,1610.4967122395833,1604.9120210802166,1601.0133105509858,3.8987105292308115,6.530771212630997,-2.6320606834001854,1610.0071411132812,1652.4478707575652,1567.5664114689973,18650293.8,0,0,0,0
2023-05-23,1597.5694580078125,1609.669324165442,1593.9102314953507,1609.0838717465374,11235037,41.69716919918701,1603.172119140625,1610.1630859375,1603.7823959921543,1600.7582103626028,3.024185629551539,5.829454096015105,-2.8052684664635663,1608.455145263672,1650.2975886199804,1566.6127019073635,18320149.35,0,0,0,0
2023-05-24,1576.6876220703125,1595.1788663756963,1574.5408043058737,1588.1531988740528,16794056,27.836421188436674,1601.4577758789062,1609.3874430338542,1599.6139692349477,1598.975203822433,0.6387654125146582,4.791316359315016,-4.152550946800358,1607.0167297363282,1651.2054453293833,1562.828014143273,17901025.45,1,0,1,0
2023-05-25,1570.6375732421875,1580.8346892500563,1558.6840999792341,1576.5898912071812,14888465,51.04738659547636,1599.0323120117187,1608.2541625976562,1595.1560621591384,1596.876120075748,-1.7200579166096759,3.489041504130078,-5.209099420739754,1604.9067993164062,1651.8683584261807,1557.9452402066318,17960629.95,0,0,0,0
2023-05-26,1576.6876220703125,1579.8101144898317,1563.465568833436,1579.8101144898317,13317533,45.061335790140575,1595.8033447265625,1606.6279459635416,1592.3147636839344,1595.3806757790492,-3.0659120951147543,2.178050784281112,-5.243962879395866,1602.6555969238282,1650.5329692426394,1554.778224605017,17431746.8,0,0,0,0
2023-05-29,1595.91064453125,1601.277510043278,1585.5184174894157,1589.0800884250325,10908146,53.98737280229043,1593.72490234375,1605.39970703125,1592.867976121983,1595.4199327236565,-2.55195660167351,1.2320493070901875,-3.7840059087636972,1601.047186279297,1647.4676121784512,1554.6267603801427,17279247.3,0,0,0,0
2023-05-30,1597.13037109375,1602.8875778644199,1589.1289102365101,1594.0565970528849,18562964,51.47415269490472,1592.6954223632813,1605.0417928059896,1593.5237291945625,1595.546631862182,-2.022902667619519,0.5810589121482461,-2.6039615797677653,1599.5166442871093,1644.2179571868855,1554.8153313873331,17401865.9,0,0,0,0
2023-05-31,1571.8572998046875,1595.3739047797048,1565.807426349278,1590.4462179323561,21667135,41.5385884703616,1590.0022338867188,1604.0681559244792,1590.190432365351,1593.79186652459,-3.6014341592390338,-0.2554397021292099,-3.345994457109824,1596.4378479003906,1639.7642954085584,1553.1114003922228,17750040.9,0,0,0,0
2023-06-01,1565.173095703125,1580.6882393651658,1561.2699209008729,1580.6882393651658,25183469,32.98424006539926,1586.0014770507812,1602.6755493164062,1586.341611340393,1591.6719575748518,-5.33034623445883,-1.270421008595134,-4.0599252258636955,1591.353448486328,1621.849833798799,1560.8570631738571,17587848.4,1,0,1,0
2023-06-02,1567.6126708984375,1575.711806729153,1562.245805233986,1573.4185961074375,8929855,30.118660175414135,1582.0592651367188,1601.164884440104,1583.4602358877844,1589.8897881914138,-6.429552303629407,-2.302247267601989,-4.127305036027418,1591.3183898925781,1621.9276994957695,1560.7090802893867,16465080.75,1,0,1,0
2023-06-05,1565.5634765625,1577.3705568145463,1563.6606073290584,1575.4189693641106,9348621,31.989958563318297,1578.4829833984375,1599.4990885416667,1580.706888299279,1588.0878391818646,-7.380950882585694,-3.3179879905987297,-4.062962891986964,1590.2740295410156,1622.9389114995186,1557.6091475825126,16001398.7,1,0,1,0
2023-06-06,1560.6845703125,1570.8815675023925,1553.707621075255,1568.734868867294,16091426,33.058678334529134,1574.7944946289062,1597.2349283854167,1577.6265316859285,1586.0579674137637,-8.43143572783515,-4.340677538046014,-4.0907581897891365,1588.9833068847656,1624.2154395429877,1553.7511742265435,15713746.55,1,0,1,0
2023-06-07,1568.7835693359375,1573.516264331203,1557.36683006995,1564.6364458849368,12474513,34.05986538574628,1574.0040893554688,1596.0125162760417,1576.266075939776,1584.778382370962,-8.512306431185834,-5.175003316673978,-3.3373031145118564,1587.7309326171876,1624.0028587700444,1551.4590064643307,15178958.45,1,0,1,0
2023-06-08,1569.75927734375,1586.6405559977752,1564.4412493256045,1564.4412493256045,18697761,33.548583133366165,1573.916259765625,1594.5766194661458,1575.2650300019259,1583.6658560726498,-8.400826070723951,-5.820167867483973,-2.5806582032399783,1586.4742858886718,1623.4364663597128,1549.512105417631,15220481.05,1,0,1,0
2023-06-09,1571.6134033203125,1579.322197834097,1568.1005696134655,1576.785157885566,9106289,36.42444902029461,1573.408837890625,1592.9066772460938,1574.7032412816777,1582.773081794699,-8.06984051302129,-6.270102396591437,-1.7997381164298538,1584.6060913085937,1620.5420595824612,1548.6701230347262,15113826.5,1,0,1,0
2023-06-12,1562.0506591796875,1576.687565209799,1560.7332423446205,1573.5162355699415,6704146,34.58936757988933,1570.0228393554687,1590.7057373046875,1572.7566901890639,1581.2380875269205,-8.481397337856606,-6.7123613848444705,-1.7690359530121356,1581.8738708496094,1615.7897578972456,1547.9579838019731,14986227.3,1,0,1,0
2023-06-13,1564.6851806640625,1570.0520459547718,1551.6095214054283,1551.6095214054283,13963054,43.812785215725654,1566.7783203125,1588.6038696289063,1571.51491949291,1580.0119462778198,-8.497026784909849,-7.069294464857546,-1.4277323200523027,1579.7368713378905,1612.2301481175593,1547.2435945582217,14866327.85,0,0,0,0
2023-06-14,1562.9775390625,1572.979424360075,1561.465011200593,1571.466896498168,10056984,45.86621097995918,1565.8903442382812,1586.2553466796876,1570.20147634977,1578.7501383359443,-8.548661986174238,-7.365167969120885,-1.183494017053353,1577.9462890625,1609.9623140024626,1545.9302641225374,14607505.35,0,0,0,0
2023-06-15,1543.7545166015625,1567.075891432169,1540.7782980819518,1565.1731413068085,17688738,34.43974834874048,1563.748486328125,1582.1517944335938,1566.1327133115842,1576.1578700593232,-10.025156747738947,-7.897165724844498,-2.1279910228944487,1574.874981689453,1607.6664450982432,1542.083518280663,14250768.7,1,0,1,0
2023-06-16,1563.953369140625,1570.2471909257108,1545.6572370729996,1548.7310110834492,7889636,35.03876979065228,1563.3825561523438,1582.0064453125,1565.797429592975,1575.2538329542344,-9.45640336125939,-8.209013252127477,-1.2473901091319135,1572.7209106445312,1602.099772542803,1543.3420487462593,13883742.2,1,0,1,0
2023-06-19,1565.319580078125,1575.1750732068015,1559.6599286378619,1572.0037434945993,12414573,35.127746807471226,1563.3581665039062,1581.3020751953125,1565.723914282998,1574.517962370819,-8.794048087821011,-8.326020219266184,-0.46802786855482736,1570.9205749511718,1597.1643544397812,1544.6767954625625,13796120.05,1,0,1,0
2023-06-20,1568.5885009765625,1572.0037792057494,1552.1463996105672,1565.319615637431,10002813,48.07587842207372,1564.1485595703125,1580.705057779948,1566.1646199281618,1574.0787430082817,-7.914123080119907,-8.243640791436928,0.32951771131702046,1569.4715270996094,1592.5265031630433,1546.4165510361754,13734508.85,0,0,0,0
2023-06-21,1596.00830078125,1597.6183843595356,1572.0037973450676,1576.8827663002044,12154473,64.58919553294614,1566.8710327148438,1580.7776326497396,1570.7559554440213,1575.7031546951682,-4.9471992511469125,-7.584352483378925,2.637153232232013,1570.4375610351562,1596.2230752288926,1544.6520468414199,13502529.7,0,0,0,0
2023-06-22,1603.8145751953125,1617.4269694050936,1599.3747851255607,1600.3017415369793,28298070,66.30056723243338,1570.2765625,1581.0750447591147,1575.84189694422,1577.7854821396234,-1.9435851954033296,-6.456199025783806,4.512613830380476,1572.0964111328126,1601.8928783273345,1542.2999439382907,14173009.95,0,0,0,0
2023-06-23,1603.717041015625,1619.7200824673466,1594.4958376501845,1597.9111158026365,10669609,67.486673261034,1573.4869262695313,1580.8997029622396,1580.1303806475132,1579.7063383526606,0.4240422948525975,-5.080150761656526,5.5041930565091235,1573.4478820800782,1606.4054160448632,1540.4903481152933,14040613.75,0,0,0,0
2023-06-26,1595.95947265625,1610.7914896122873,1589.2751903556589,1605.180675700265,8065157,65.75167289163326,1576.8778076171875,1580.208516438802,1582.5656255719343,1580.9102742270006,1.655351344933706,-3.73305034033848,5.388401685272186,1573.4503234863282,1606.414870177271,1540.4857767953854,13898464.3,0,0,0,0
2023-06-27,1618.4515380859375,1632.4054367723322,1598.8869442855375,1603.1803416209345,16915932,69.6525828308452,1582.254443359375,1580.5760620117187,1588.0865351894734,1583.691108586922,4.395426602551424,-2.1073549517604993,6.502781554311923,1574.5163818359374,1611.8012776368882,1537.2314860349866,13816112.7,0,1,1,0
2023-06-28,1635.5767822265625,1639.2360089330107,1620.3055856152284,1629.575626604897,29781475,73.0915074275426,1589.5143676757812,1581.802315266927,1595.3927270413333,1587.5344918194878,7.858235221845462,-0.11423691703930716,7.972472138884768,1577.7023559570312,1623.8635599168065,1531.5411519972558,14221829.7,0,0,0,1
2023-06-30,1660.2154541015625,1667.436351431211,1642.5047743130604,1662.7524939429406,20349508,76.80052875277853,1601.1604614257812,1583.636808268229,1605.3654542813686,1592.9182668033452,12.447187478023352,2.398047961973225,10.049139516050127,1582.4544738769532,1641.0724989038,1523.8364488501065,13980131.65,0,0,0,1
2023-07-03,1678.170166015625,1714.9575433389346,1668.6073394649093,1671.0468238793317,22052058,83.42702847821701,1612.5821411132813,1586.007987467448,1616.5661791635619,1599.2332223005512,17.332956863010622,5.385029742180705,11.947927120829917,1587.9823486328125,1660.0224145250222,1515.9422827406029,14636241.8,0,0,0,1
2023-07-04,1686.36669921875,1704.7116692356387,1672.3153646101384,1681.7316789389165,19397594,83.94126832470627,1624.6868530273437,1588.842667643229,1627.3047207105137,1605.6875539241216,21.61716678639209,8.631457151022982,12.985709635369108,1594.022509765625,1677.4978340495254,1510.5471854817247,15138690.45,0,0,0,1
2023-07-05,1632.795654296875,1678.3651726762687,1628.1606341979143,1674.7059462823524,18582877,65.10453143865809,1631.107568359375,1590.0168741861978,1628.1494797238001,1607.6955613591406,20.453918364659557,10.995949393750298,9.45796897090926,1597.6280639648437,1681.2695979544355,1513.9865299752519,15263263.0,0,0,0,0
2023-07-06,1634.45458984375,1646.9935161576698,1620.2080244061128,1632.5030022737874,26078272,71.23602609091809,1634.952197265625,1591.9424397786458,1629.1194966653309,1609.6777116172598,19.441785048071097,12.685116524614457,6.756668523456639,1600.9116149902343,1684.9405679952465,1516.882661985222,15943450.95,0,0,0,1
2023-07-07,1620.2080078125,1634.4545731042288,1616.207277158141,1624.6966353543528,9963168,63.54879870168052,1636.5915405273438,1593.5947875976562,1627.7484983802801,1610.457733557648,17.290764822632127,13.606246184217992,3.6845186384141346,1603.4340515136719,1686.5493644287685,1520.3187385985752,15506721.3,0,0,0,0
2023-07-10,1616.353515625,1636.1621764707356,1609.766907787709,1620.7934248503902,19199221,62.145825440837065,1637.8551879882812,1594.9169840494792,1625.995424110237,1610.8944581552296,15.100965955007496,13.905190138375895,1.1957758166316008,1605.6710571289063,1687.5798798831129,1523.7622343746998,16011367.9,0,0,0,0
2023-07-11,1608.4984130859375,1635.4302962900595,1605.6685874375255,1622.7449777627498,25335213,59.295445163065914,1639.10908203125,1595.3365763346353,1623.303576260345,1610.7169733352819,12.586602925063062,13.641472695713329,-1.0548697706502672,1607.9934448242188,1687.2869005121925,1528.6999891362452,16942921.25,0,0,0,0
2023-07-12,1593.42236328125,1625.9651802763124,1587.7628309761358,1615.2801671985094,35479179,49.360962995944476,1636.6061645507812,1595.2129760742187,1618.7064665712535,1609.4358911090574,9.27057546219612,12.767293249009889,-3.496717786813768,1609.4303039550782,1686.4276613061695,1532.432946603987,18018727.5,0,0,0,0
2023-07-13,1601.3751220703125,1617.3293262865604,1598.399022559767,1616.597480963655,20956773,49.397598351474116,1633.1859985351562,1596.196903483073,1616.040105878801,1608.8387971061873,7.201308772613629,11.654096353730639,-4.4527875811170095,1611.3501831054687,1685.326174666721,1537.3741915442163,18563716.95,0,0,0,0
2023-07-14,1604.69287109375,1613.5725706680164,1595.4228301844216,1613.5725706680164,12363607,50.23720026538894,1627.633740234375,1597.514229329427,1614.2943774503317,1608.5316914756363,5.762685974695387,10.475814277923588,-4.713128303228201,1614.3971008300782,1681.3355585453767,1547.4586431147798,18297460.4,0,0,0,0
2023-07-17,1638.2601318359375,1641.2850686030201,1593.4711754035268,1610.0596689625347,24626464,59.135927259957384,1623.6427368164063,1599.8691446940104,1617.9814165865787,1610.733798168992,7.2476184175866365,9.830175105856197,-2.5825566882695608,1618.1124389648437,1681.411887302183,1554.8129906275044,19134301.8,0,0,0,0
2023-07-18,1636.89404296875,1662.7525777757078,1629.5755897214976,1656.897815177906,40538409,54.383115658597355,1618.6954711914063,1602.2468302408854,1620.891051414605,1612.6715940800852,8.219457334519802,9.50803155158892,-1.288574217069117,1621.691162109375,1680.3461089940824,1563.0362152246676,20540493.6,0,0,0,0
2023-07-19,1644.31005859375,1647.8717296786176,1634.4545653363048,1640.4068835123499,16467567,52.1760077376734,1619.8469116210938,1605.0343465169271,1624.493975596012,1615.0151840440603,9.478791551951645,9.502183551661465,-0.023391999709820865,1625.4772399902345,1679.2740260732894,1571.6804539071795,20863731.3,0,0,0,0
2023-07-20,1647.8717041015625,1651.043033805977,1639.3335087435235,1640.4556953850984,28105474,46.56344775366663,1621.188623046875,1607.6706176757812,1628.0905492122504,1617.449000344616,10.641548867634356,9.730056614856045,0.9114922527783111,1628.07041015625,1680.877009485951,1575.2638108265492,21661281.35,0,0,0,0
2023-07-21,1635.1864013671875,1648.8963514088375,1632.746916955182,1639.3335248675967,21077124,37.671410815258305,1622.6864624023438,1609.8515218098958,1629.1822187745483,1618.7628819018437,10.419336872704662,9.867912666425768,0.5514242062788934,1629.6390014648437,1681.262400194775,1578.0156027349124,21300234.05,1,0,1,0
2023-07-24,1637.772216796875,1643.8709275964975,1629.6730812087985,1637.86977234658,16089722,35.59863455349493,1624.8283325195312,1612.056815592448,1630.5037569318295,1620.170980782957,10.332776148872426,9.9608853629151,0.3718907859573264,1631.3417602539062,1681.5934343632734,1581.0900861445389,21571239.7,1,0,1,0
2023-07-25,1655.5316162109375,1657.8735449827957,1637.7722179956165,1643.8709287997028,27996298,58.553579678583475,1629.5316528320313,1615.1728474934896,1634.3541968209229,1622.7902871109554,11.563909709967447,10.28149023232557,1.2824194776418771,1634.3203674316405,1682.771421208602,1585.869313654679,22567796.75,0,0,0,0
2023-07-26,1649.7744140625,1658.4590020952107,1647.1398186338492,1658.4590020952107,12397179,55.59111694032697,1635.1668579101563,1618.0091552734375,1636.7265379350115,1624.7891113295884,11.93742660542307,10.61267750694507,1.3247490984779997,1635.8865112304688,1684.2025728335582,1587.5704496273795,22341859.1,0,0,0,0
2023-07-27,1632.6492919921875,1661.7767108101334,1627.0871963000095,1658.7517740909373,29870651,54.44712744688222,1638.2942749023437,1620.3315470377604,1636.0992693284231,1625.3713469342254,10.727922394197776,10.635726484395613,0.09219590980216275,1635.74013671875,1684.0778821060305,1587.4023913314693,22346317.9,0,0,0,0
2023-07-28,1603.717041015625,1628.5022262879372,1601.3751121737112,1621.2813286568062,20507842,46.16978482003709,1638.1966918945313,1622.3302978515626,1631.1173880495312,1623.7673242735882,7.350063775942999,9.978593942705091,-2.6285301667620917,1632.915216064453,1681.8305837964795,1583.9998483324266,22354234.6,0,0,0,0
2023-07-31,1611.2305908203125,1616.69513110747,1599.0331689569216,1610.1085233012388,17282503,50.829862903177975,1635.4937377929687,1623.9062052408854,1628.0578807834975,1622.8386773511234,5.219203432374115,9.026715840638897,-3.807512408264781,1629.5682373046875,1674.438940071488,1584.697534537887,22115756.85,0,0,0,0
2023-08-01,1622.01318359375,1627.0872635184455,1610.059709989284,1614.4019445912572,17697094,58.91664458596399,1634.0056518554688,1625.7959920247397,1627.12792736969,1622.777529665392,4.350397704298075,8.091452213370733,-3.741054509072658,1626.3505615234376,1662.442548254255,1590.2585747926203,22030731.85,0,0,0,0
2023-08-02,1600.7896728515625,1611.5234042757425,1593.6176124957688,1602.2533635003144,14058161,49.83137352522154,1629.65361328125,1626.869364420573,1623.075888213055,1621.1487995310342,1.927088682020667,6.85857950710072,-4.931490825080053,1624.750262451172,1662.4418092370074,1587.0587156653364,21804496.05,0,0,0,0
2023-08-03,1589.2265625,1611.3770336442076,1583.7133038237955,1600.3017980721038,28836973,45.74724897020993,1623.7890991210938,1626.6433064778646,1617.8682996418156,1618.7841893805871,-0.9158897387715115,5.303685657926274,-6.219575396697786,1622.4888610839844,1663.0470217553877,1581.930700412581,21942431.1,0,0,0,1
2023-08-04,1612.2064208984375,1616.4023817601737,1589.8120014988006,1595.569208571142,18694152,42.393142166324985,1621.4911010742187,1626.9230346679688,1616.9972413736036,1618.2969472707982,-1.299705897194599,3.9830073469021,-5.2827132440966995,1622.0887817382813,1662.8987544638455,1581.2788090127171,22378980.3,0,0,0,0
2023-08-07,1611.2794189453125,1622.8425509826332,1607.6690297405617,1622.8425509826332,14150459,42.50211713755855,1618.8418212890624,1627.1751139322917,1616.1175763846356,1617.7771303577993,-1.6595539731636109,2.854495082888958,-4.514049056052569,1621.8350769042968,1662.8577089751177,1580.8124448334759,22126542.2,0,0,0,0
2023-08-08,1609.962158203125,1615.5241350226497,1602.302200963797,1611.7185155124987,21886914,39.57344882734742,1614.2848754882812,1627.6418701171874,1615.1705889720954,1617.198243531527,-2.0276545594315394,1.8780651544248586,-3.905719713856398,1621.9082641601562,1662.835825569316,1580.9807027509964,21954127.25,1,0,1,0
2023-08-09,1610.5474853515625,1614.4506601115784,1591.6170639423972,1612.9869695765724,16680618,38.46146879283174,1610.3621826171875,1627.3784016927084,1614.459342261244,1616.7055947774556,-2.246252516211598,1.0532016202975671,-3.299454136509165,1622.7645202636718,1661.8582466408,1583.6707938865436,21014199.2,1,0,1,0
2023-08-10,1596.252197265625,1614.2068262591354,1591.5196213562942,1607.1811588386288,25390559,38.08238444229718,1606.7224731445312,1626.0675821940104,1611.658243031149,1615.190528295098,-3.5322852639490065,0.13610424344825245,-3.6683895073972588,1622.5083740234375,1662.253885646863,1582.762862400012,21235888.5,1,0,1,0
2023-08-11,1579.614990234375,1598.7405241545077,1577.0778311597512,1598.7405241545077,14112911,33.60832616549115,1604.3122680664062,1623.3809000651042,1606.7285118316454,1612.555303253563,-5.826791421917505,-1.0564748896248992,-4.770316532292606,1621.2544799804687,1664.7700120419136,1577.7389479190238,21323353.7,1,0,1,0
2023-08-14,1571.90625,1575.9069807410197,1561.5140222481837,1572.0038055565217,15652205,25.014534088546696,1600.379833984375,1619.83876953125,1601.3712407806229,1609.5442622718176,-8.173021491194731,-2.479784209938866,-5.693237281255866,1617.936785888672,1665.885269198742,1569.9883025786019,20874640.75,1,0,1,0
2023-08-16,1567.31982421875,1570.686384019441,1543.022655901694,1544.7790131270835,17068771,25.190770161989363,1594.910498046875,1615.8705403645833,1596.1325613095655,1606.4165261197384,-10.283964810172847,-4.0406203299856625,-6.243344480187185,1614.458074951172,1666.5333071945465,1562.3828427077974,19701158.85,1,0,1,0
2023-08-17,1558.635498046875,1570.9304762115437,1555.41533083247,1558.9281647201676,26442020,26.53877913010369,1590.6950805664062,1613.39853515625,1590.3637823460747,1602.8771907069336,-12.513408360858875,-5.735177936160305,-6.77823042469857,1610.1743469238281,1665.878838401627,1554.4698554460292,20199881.5,1,0,1,0
2023-08-18,1552.243896484375,1557.659599403531,1547.1209793342616,1549.121404153342,12816683,30.96348250692536,1586.9968139648438,1610.6581787109376,1584.499184521198,1599.1265763200774,-14.627391798879444,-7.513620708704133,-7.113771090175311,1605.3929565429687,1663.8229717780196,1546.9629413079178,19435441.95,1,0,1,0
2023-08-21,1551.024169921875,1561.757901201611,1548.5846855401167,1561.757901201611,10918635,26.646432410165104,1580.8785888671875,1608.35205078125,1579.3491822751482,1595.5634351053957,-16.21425283024746,-9.2537471330128,-6.960505697234661,1601.1848449707031,1662.6253909452041,1539.7442989962021,18927517.5,1,0,1,0
2023-08-22,1544.388671875,1559.3183634263235,1541.7540764790933,1557.7082799664051,16136785,18.889188956469326,1574.1895141601562,1605.95322265625,1573.970642213587,1591.772711903144,-17.8020696895569,-10.96341164432162,-6.838658045235281,1596.5156677246093,1660.3940282049607,1532.637307244258,18929870.65,1,0,1,0
2023-08-23,1548.1943359375,1552.0487927093366,1535.1675132316573,1541.7541210271847,18249294,25.49991186220936,1568.0127319335938,1603.9430867513022,1570.0050566326508,1588.544684053837,-18.539627421186196,-12.478654799694537,-6.0609726214916595,1591.1488037109375,1652.1200960014608,1530.1775114204142,18442520.45,1,0,1,0
2023-08-24,1541.071044921875,1557.5618632329904,1537.9972709300926,1554.7321567827373,21572896,26.60018459333709,1561.065087890625,1602.1980428059896,1565.5536702156085,1585.0281181922103,-19.474447976601823,-13.877813435075995,-5.5966345415258285,1585.7136352539062,1644.0016974244813,1527.425573083331,18901306.3,1,0,1,0
2023-08-25,1523.701904296875,1539.3146039246367,1520.676967567085,1536.4360600769462,15034878,4.513464103461729,1553.81005859375,1599.608935546875,1559.1149369973418,1580.4854356814446,-21.370498684102813,-15.37635048488136,-5.994148199221453,1580.2662658691406,1640.4189464300625,1520.1135853082187,18159517.65,1,0,1,0
2023-08-28,1539.55859375,1544.3400069626475,1523.7019452642212,1523.7019452642212,14433619,18.043458159963023,1549.8044189453126,1597.43779296875,1556.106268805443,1577.4538177605968,-21.347548955153798,-16.57059017893585,-4.776958776217949,1577.0583435058593,1638.7681892532073,1515.3484977585113,17855806.5,1,0,1,0
2023-08-29,1551.8048095703125,1554.097901002535,1543.1689398058263,1551.219238042558,17769466,26.38666541105566,1547.7942749023437,1594.5559488932292,1555.4445058461922,1575.553891227983,-20.109385381790844,-17.278349219506847,-2.831036162283997,1574.0870544433594,1634.5796400892957,1513.5944687974231,17880154.65,1,0,1,0
2023-08-30,1540.4854736328125,1565.124264671195,1535.6065051103606,1565.124264671195,14042102,23.833860046793305,1545.11083984375,1591.3423299153646,1553.143116274903,1572.9562306653777,-19.813114390474766,-17.785302253700433,-2.027812136774333,1570.0106689453125,1627.8338847603716,1512.1874531302535,17697405.05,1,0,1,0
2023-08-31,1533.4110107421875,1544.8278688627286,1525.2631569124446,1540.7783010564954,50037886,25.192634820279793,1542.5883911132812,1587.6456949869792,1550.107407731408,1570.0269551155118,-19.91954738410368,-18.212151279781082,-1.7073961043225978,1566.6417358398437,1624.7648973757587,1508.5185743039287,19496391.3,1,0,1,0
2023-09-01,1536.5823974609375,1540.778358305797,1521.6039869585088,1532.972008168719,21613388,30.991412453506143,1541.0222412109374,1583.9360514322916,1548.0266369205665,1567.549580474432,-19.522943553865616,-18.47430973459799,-1.048633819267625,1564.0095275878907,1622.5925376645387,1505.4265175112428,19135212.05,1,0,1,0
2023-09-04,1546.194091796875,1552.9269736302838,1536.777657935569,1551.5121202862665,12536819,38.830072693564915,1540.5392333984375,1580.9696411132813,1547.744706901537,1565.9676924242426,-18.222985522705585,-18.42404489221951,0.20105936951392422,1560.7089111328125,1615.1504218600583,1506.2674004055668,18827345.4,1,0,1,0
2023-09-05,1536.777587890625,1549.9508034058397,1532.581627154415,1549.9508034058397,19356041,37.26616654621703,1539.778125,1577.603153483073,1546.0574578229352,1563.8054624587894,-17.74800463585416,-18.28883684094644,0.5408322050922827,1556.983819580078,1606.8599329620642,1507.1077061980918,19087624.5,1,0,1,0
2023-09-06,1556.87890625,1561.2699780633031,1536.7775791055244,1538.6316110275638,28160455,49.33129360067958,1540.64658203125,1574.3147298177084,1547.7222960424838,1563.2923842211012,-15.570088178617425,-17.74508710848064,2.1749989298632144,1554.329656982422,1597.5394069070157,1511.1199070578282,19401301.55,0,0,0,0
2023-09-07,1571.8572998046875,1574.9310738648735,1548.7310361431844,1556.8788899327171,17104171,57.008325038537,1543.7252075195313,1571.7174926757812,1551.4353735443613,1563.926822412478,-12.491448868116777,-16.694359460407867,4.20291059229109,1552.3951477050782,1587.7596238866136,1517.0306715235429,19422479.2,0,0,0,0
2023-09-08,1584.103515625,1593.3735557704467,1568.6859275263962,1569.3690545853258,17251105,60.956632137340996,1549.7653686523438,1570.0993001302083,1556.4612415567672,1565.4213922800723,-8.960150723305105,-15.147517712987316,6.187366989682211,1551.7877136230468,1584.2811772921793,1519.2942499539142,19015506.5,0,0,0,0
2023-09-11,1592.30029296875,1596.8864759593007,1584.689054053104,1589.4704672634227,15786511,65.70696803316739,1555.0395385742188,1569.7187418619792,1561.9749417739954,1567.412421960715,-5.43748018671954,-13.205510207733761,7.768030021014221,1552.4219787597656,1587.5878579375537,1517.2560995819774,19099186.5,0,0,0,0
2023-09-12,1597.2767333984375,1603.1314956059348,1585.713601861719,1600.3016700492226,19516670,65.96820837943434,1559.5867309570312,1569.25361328125,1567.4059866392943,1569.624593178324,-2.218606539029679,-11.008129473992945,8.789522934963266,1553.6905029296875,1593.357975070463,1514.023030788912,19292409.75,0,0,0,0
2023-09-13,1604.107421875,1611.620986349386,1589.177729365875,1591.8124440462539,23210047,70.5470414940467,1565.94892578125,1568.6567545572916,1573.0523612909415,1572.178876785485,0.8734845054564175,-8.631806678103072,9.505291183559489,1555.5298828125,1600.865138278413,1510.1946273465871,19599473.55,0,0,0,1
2023-09-14,1603.131591796875,1610.0597036683582,1595.5203528242632,1604.448889549514,11769424,78.98852377218618,1572.9209838867187,1568.7348185221354,1577.6799352149314,1574.4716704900325,3.2082647248989815,-6.2637923975026615,9.472057122401644,1557.7546875,1607.8491001058762,1507.6602748941239,18865843.75,0,1,1,1
2023-09-15,1621.5252685546875,1629.5755670144895,1610.0596919604238,1610.0596919604238,86705601,79.37053791303146,1581.4152709960938,1569.8114420572917,1584.4253711133556,1577.9571221985254,6.468248914830156,-3.7173841350360988,10.185633049866254,1561.2187561035157,1618.7398480569427,1503.6976641500887,22560289.65,0,0,0,1
2023-09-18,1589.6168212890625,1614.9386209011225,1586.738158320304,1613.718878740321,18528144,61.875544405049624,1585.7575439453126,1569.058455403646,1585.224055755772,1578.8208036126393,6.403252143132704,-1.6932568794023384,8.096509022535042,1563.148388671875,1621.8075504269434,1504.4892269168065,22940765.1,0,0,0,0
2023-09-20,1525.8486328125,1560.2941996888326,1522.6285849203093,1560.2941996888326,57737324,46.54220667802105,1584.6646484375,1566.210762532552,1576.0893753029611,1574.8969391089254,1.1924361940357358,-1.1161182647147236,2.3085544587504594,1562.22138671875,1622.6869839578458,1501.7557894796541,25020792.05,0,0,0,0
2023-09-21,1515.749267578125,1530.9716269564112,1499.8439001895479,1515.4077635729795,36420721,45.88639823224727,1580.5516845703125,1563.070332845052,1566.8062818068324,1570.515630106644,-3.7093482998116087,-1.6347642717341007,-2.074584028077508,1560.5991333007812,1624.3035258053571,1496.8947407962053,25929363.4,0,0,0,0
2023-09-22,1492.6229248046875,1526.53175741941,1486.8657178901774,1521.2624473770545,30852125,40.6321666853963,1572.6282470703125,1559.1395141601563,1555.3934576526563,1564.7458000842769,-9.352342431620627,-3.178279903711406,-6.174062527909221,1558.1767272949219,1628.3625608998918,1487.990893689952,26393324.85,0,0,0,0
2023-09-25,1493.940185546875,1503.4053369861347,1488.0854232259858,1488.0854232259858,20104377,38.45653510522399,1563.6119140625,1555.7291137695313,1545.9391080979208,1559.500939748173,-13.561831650252316,-5.254990253019589,-8.306841397232727,1556.6886413574218,1631.0876725682488,1482.289610146595,26646799.8,1,0,1,0
2023-09-26,1500.42919921875,1502.722290579338,1488.0853851516172,1488.0853851516172,13787654,41.865019304344216,1554.4248046875,1553.0895874023438,1538.9375836549714,1555.1252552645121,-16.187671609540757,-7.441526524323823,-8.746145085216934,1554.7321716308593,1632.986017794514,1476.4783254672045,26614501.55,0,0,0,0
2023-09-27,1489.890625,1495.403883368624,1478.327493183338,1486.133842982326,19669269,34.337203593976554,1543.6861938476563,1550.355733235677,1531.3918977080527,1550.2930604301039,-18.90116272205114,-9.733453763869287,-9.167708958181853,1551.6364624023438,1635.102931554518,1468.1699932501697,26709491.7,1,0,1,1
2023-09-28,1486.81689453125,1500.3804515277113,1481.596421773222,1496.8676178382732,27677094,28.94419804908067,1531.9571411132813,1547.6723022460938,1524.5342049116216,1545.591122215374,-21.05691730375247,-11.998146471845924,-9.058770831906546,1548.9530334472656,1637.2406143880567,1460.6654525064746,27391241.3,1,0,1,0
2023-09-29,1489.35400390625,1498.2824211604316,1485.450829022518,1486.8168449394686,16026891,25.355355736747185,1520.5793823242188,1545.362919108073,1519.1218662954107,1541.4254097480316,-22.303543452620943,-14.05922586800093,-8.244317584620013,1546.7501831054688,1638.7893616794101,1454.7110045315274,25690691.55,1,0,1,0
2023-10-03,1471.5457763671875,1490.0370198315584,1469.5453515824013,1490.0370198315584,19485847,20.087003484130904,1505.5814331054687,1542.6729817708333,1511.8024678449149,1536.24914060871,-24.44667276379505,-16.136715247159756,-8.309957516635293,1543.4983520507812,1641.4554642435717,1445.5412398579908,25584314.5,1,0,1,0
2023-10-04,1492.5252685546875,1497.8432964561903,1453.2007356660465,1458.8115493172666,27324715,25.957444662483454,1495.8722778320312,1540.723018391927,1508.8367448771874,1533.010335271375,-24.173590394187613,-17.744090276565327,-6.429500117622286,1540.8149108886719,1641.367124387172,1440.2626973901718,26323709.3,1,0,1,0
2023-10-05,1498.5751953125,1513.99278362997,1495.5014212922865,1497.8921873593165,24256337,25.691121011270965,1493.1449340820313,1539.1959025065105,1507.2580449441584,1530.45958416331,-23.201539219151528,-18.835580065082567,-4.36595915406896,1538.9047912597657,1641.2159510589508,1436.5936314605806,26568724.1,1,0,1,0
2023-10-06,1496.91650390625,1507.6013982085374,1492.818098538936,1506.6256044232891,8879678,25.610553248360787,1491.2616577148438,1537.486641438802,1505.667038630634,1527.974911551676,-22.30787292104219,-19.530038636274494,-2.777834284767696,1535.906671142578,1639.5062512299874,1432.3070910551687,25604685.25,1,0,1,0
2023-10-09,1479.5472412109375,1492.9644049811934,1475.4001178637675,1491.0128175237016,8227486,17.244451954489136,1489.9540893554688,1535.4358479817708,1501.648608258373,1524.3876767116212,-22.739068453248137,-20.17184459966922,-2.5672238535789162,1531.2911682128906,1636.3615977432075,1426.2207386825737,25160851.0,1,0,1,0
2023-10-10,1487.9390869140625,1491.9886548297247,1478.5226533335451,1483.7432452271723,16633146,23.686844180263236,1489.3539794921876,1534.2437540690105,1499.539451128479,1521.6877811710613,-22.1483300425823,-20.567141688251837,-1.5811883543304646,1526.4829467773438,1630.169626695667,1422.7962668590208,25129953.05,1,0,1,0
2023-10-11,1502.33203125,1504.8203529546595,1491.5007444655869,1493.0619906399752,15666680,41.824963717993334,1489.5442626953125,1533.0028686523438,1499.9690788394823,1520.2540219176494,-20.28494307816709,-20.51070196623489,0.22575888806780142,1521.9845336914063,1621.3652851048173,1422.6037822779954,25123961.5,0,0,0,0
2023-10-12,1512.3338623046875,1514.4318426107743,1494.5256270420286,1498.9166987506294,11012668,48.811902798455336,1491.7885864257812,1531.6871704101563,1501.8713532187446,1519.6673434278005,-17.795990209055844,-19.967759614799082,2.1717694057432375,1517.7373901367187,1610.6176082714705,1424.8571720019668,24698761.4,0,0,0,0
2023-10-13,1498.5751953125,1511.3093509181945,1492.9155441287596,1502.722318594335,19872650,52.21493716448433,1492.9644165039062,1530.2901611328125,1501.3642520023993,1518.1049620859262,-16.740710083526892,-19.322349708544646,2.581639625017754,1512.4607788085937,1596.224287581747,1428.6972700354404,24531891.55,0,0,0,0
2023-10-16,1492.5740966796875,1497.306672545692,1483.694397374786,1494.4281286284017,8928042,49.508779291739714,1493.28642578125,1528.9289306640626,1500.0119204142898,1516.2137868706493,-16.20186645635954,-18.698253058107625,2.4963866017480854,1506.9329040527343,1579.3217392943272,1434.5440688111414,24389822.45,0,0,0,0
2023-10-17,1503.893310546875,1518.091157545319,1497.843436819582,1518.091157545319,16451279,51.20381446885048,1496.5211791992188,1527.8392944335938,1500.6090573577644,1515.3011589948142,-14.692101637049745,-17.89702277389605,3.2049211368463055,1501.0513061523438,1549.3413219463016,1452.761290358386,20877106.35,0,0,0,0
2023-10-18,1482.9625244140625,1503.8932523222068,1481.3524409329486,1503.8932523222068,15608100,47.75459466388353,1495.5649047851562,1525.7315755208333,1497.8942061356565,1512.905704581425,-15.011498445768439,-17.31991790827053,2.3084194625020906,1495.7185913085937,1520.8131213135503,1470.624061303637,20731104.15,0,0,0,0
2023-10-19,1478.2786865234375,1489.305203489473,1466.8131100182768,1468.9599277268094,15126182,47.26133972543311,1493.53525390625,1523.781612141927,1494.8764338876229,1510.3407402808332,-15.464306393210336,-16.948795605258493,1.4844892120481568,1493.3400939941407,1515.2222145985677,1471.4579733897137,18600547.05,0,0,0,0
2023-10-20,1485.938720703125,1490.0370066705796,1468.569544884887,1468.569544884887,10547005,48.939391641899675,1492.4374755859376,1521.4169392903646,1493.5014010900077,1508.533183275077,-15.031782185069233,-16.565392921220642,1.5336107361514095,1491.8495666503907,1511.2218476661167,1472.4772856346647,17306861.25,0,0,0,0
2023-10-23,1469.59423828125,1491.7447089627594,1463.788193946353,1486.621791728382,11188068,49.38839406290432,1491.4421752929688,1518.0081705729167,1489.8233760425067,1505.6488169792378,-15.825440936731184,-16.417402524322753,0.5919615875915696,1490.6981323242187,1512.4662431319643,1468.930021516473,16323658.4,0,0,0,0
2023-10-25,1460.275390625,1485.938814665058,1455.3475843936833,1484.1823382162547,14155998,39.09603820231211,1488.6758056640624,1513.88056640625,1485.277532132121,1502.2878224344795,-17.0102903023585,-16.535980079929903,-0.47431022242859555,1489.014892578125,1514.5992503041348,1463.4305348521152,16026239.45,1,0,1,0
2023-10-26,1427.9766845703125,1455.884363697454,1424.902910247458,1455.1525183403676,27780899,29.728246201300408,1481.2402709960938,1508.4031127929688,1476.462017122612,1496.7832937038004,-20.321276581188386,-17.2930393801816,-3.0282372010067853,1485.392266845703,1522.2192165256763,1448.5653171657298,16725901.7,1,0,1,0
2023-10-27,1433.58740234375,1442.2231531521875,1431.3918664204805,1433.9289063309468,15970266,32.21914521712307,1473.365625,1502.9468017578124,1469.8659225412484,1492.102116566019,-22.23619402477061,-18.281670309099404,-3.9545237156712076,1482.5771057128907,1525.9774966252241,1439.1767148005572,16540951.55,1,0,1,0
2023-10-30,1449.1512451171875,1453.8838208862876,1426.5128782192849,1427.830175932166,11655491,41.378336080218276,1468.4232299804687,1497.7815958658855,1466.679049091393,1488.9205705327722,-22.24152144137929,-19.073640535555384,-3.167880905823907,1480.6938232421876,1526.5206103154608,1434.8670361689144,15739871.4,0,0,0,0
2023-10-31,1440.759521484375,1467.5938505333559,1438.3200370253767,1467.5938505333559,16317412,36.61775592271506,1463.2417724609375,1492.3691935221354,1462.691429459544,1485.353085418076,-22.661655958532037,-19.791243620150716,-2.870412338381321,1478.2640991210938,1527.2047226638663,1429.3234755783212,15754397.45,1,0,1,0
2023-11-01,1438.8079833984375,1441.6865275128691,1426.8545091382605,1426.8545091382605,16938733,30.61344614827526,1456.7332397460937,1486.2786173502604,1459.0170531424508,1481.905300083288,-22.888246940837234,-20.410644284288022,-2.4776026565492124,1476.6272094726562,1528.6093684737248,1424.6450504715876,15627041.75,1,0,1,0
2023-11-02,1441.00341796875,1454.4205820094273,1431.6358218070757,1449.0537163931563,22612577,27.141917196909063,1452.5373291015626,1481.3248372395833,1456.245724654189,1478.8755310377667,-22.629806383577716,-20.85447670414596,-1.7753296794317563,1474.0511169433594,1527.7927390421753,1420.3094948445435,15391434.85,1,0,1,0
2023-11-03,1447.833984375,1455.29883042587,1445.7848413120325,1451.981107834878,9047670,32.98426276000177,1449.4928588867188,1478.7243489583334,1454.951610765083,1476.576157210895,-21.62454644581203,-21.008490652479175,-0.6160557933328548,1471.5140563964844,1525.1717302744805,1417.8563825184883,14631001.5,1,0,1,0
2023-11-06,1458.32373046875,1461.7390085260538,1447.1021025661803,1461.7390085260538,12796865,38.850028413493824,1446.7313598632813,1476.810164388021,1455.470398411801,1475.2241256003656,-19.753727188564653,-20.757537959696272,1.0038107711316187,1469.5844177246095,1522.1605251439366,1417.0083103052823,14826860.85,1,0,1,0
2023-11-07,1451.2491455078125,1457.835752824792,1441.4423714119118,1457.835752824792,20976424,32.374964546485174,1444.8968505859375,1475.4310384114583,1454.8209748881104,1473.4482011490654,-18.627226260955013,-20.331475619948023,1.7042493589930103,1468.1695129394532,1521.138339587873,1415.2006862910334,15464307.75,1,0,1,0
2023-11-08,1455.4451904296875,1457.2991032304478,1445.1505188980436,1448.0290627648628,15699773,39.62472223296162,1444.4138305664062,1474.1478719075521,1454.9170080483532,1472.1146447994818,-17.197636751128584,-19.704707846184135,2.507071095055551,1466.5448181152344,1518.950801092637,1414.1388351378318,15417639.1,1,0,1,0
2023-11-09,1449.68798828125,1456.4697071029368,1447.5900079249361,1450.029492265895,11058370,39.30656950969515,1446.5849609375,1472.4564982096354,1454.112543468799,1470.4534109833164,-16.340867514517413,-19.03193977985079,2.6910722653333785,1463.912615966797,1513.9866597131406,1413.8385722204532,15187223.6,1,0,1,0
2023-11-10,1455.3963623046875,1459.787434131956,1444.2235716348162,1444.2722898525176,7007593,38.4073717482419,1448.7658569335938,1471.306689453125,1454.3100540589357,1469.3380740441587,-15.028019985222954,-18.231155820925224,3.2031358357022697,1461.065740966797,1505.7306037738852,1416.4008781597088,14986969.85,1,0,1,0
2023-11-13,1452.76171875,1459.7385484632828,1449.9318931763733,1455.9817665141052,10302957,42.868904343652915,1449.126904296875,1470.1715169270833,1454.071848626792,1468.110195874221,-14.038347247429101,-17.392594106226,3.3542468587968983,1458.7750671386718,1499.8989268884404,1417.6512073889032,14508485.2,0,0,0,0
2023-11-15,1467.984130859375,1474.3755084070488,1464.2273487717428,1467.6913450902828,20622730,53.110230713614484,1451.849365234375,1469.4591878255208,1456.212199739497,1468.1008577249731,-11.88865798547613,-16.291806882076028,4.403148896599898,1457.5455688476563,1495.7837844500414,1419.3073532452713,15093219.6,0,0,0,0
2023-11-16,1471.8385009765625,1482.230728392397,1467.3498734825985,1473.1557987356514,14856919,72.96882311277938,1455.1524169921875,1469.4689453125,1458.6162460836608,1468.3777201880537,-9.761474104392846,-14.985740326539391,5.224266222146545,1455.9428283691407,1488.2246941814974,1423.660962556784,15013501.6,0,0,0,1
2023-11-17,1468.667236328125,1471.0091652899862,1452.9569798452997,1453.9327736531206,11850937,68.85166321611969,1457.918798828125,1468.6736775716147,1460.162552275117,1468.399165828059,-8.236613552942117,-13.635914971819936,5.399301418877819,1455.2280639648438,1485.565442011447,1424.8906859182407,14825643.45,0,0,0,0
2023-11-20,1468.7647705078125,1476.376009744215,1465.203218453469,1476.376009744215,9665726,62.64158187751968,1460.0118774414063,1467.6799967447917,1461.4859704647624,1468.426247656189,-6.940277191426503,-12.296787415741251,5.356510224314748,1454.7523681640625,1483.840542287872,1425.664194040253,14552620.65,0,0,0,0
2023-11-21,1481.2060546875,1485.1580669665395,1475.4976851520123,1482.230685757013,12479986,74.7758243204441,1462.3001098632812,1467.1563151041667,1464.5198295759528,1469.3729000288786,-4.853070452925749,-10.808044023178152,5.9549735702524025,1454.5157348632813,1482.5952008217278,1426.4362689048348,14649269.7,0,0,0,1
2023-11-22,1475.936767578125,1483.206382794991,1467.154624522102,1483.206382794991,14561825,71.85518164089726,1464.7688720703125,1467.0359659830729,1466.2762815762871,1469.8591124399338,-3.5828308636466772,-9.363001391271856,5.780170527625179,1454.832861328125,1483.7598326571388,1425.9058899991114,14817957.55,0,0,0,1
2023-11-23,1484.47509765625,1486.9633002798782,1471.9848898574844,1471.9848898574844,6523110,73.81079736618294,1467.6718627929688,1466.920499674479,1469.076099434743,1470.9417780115127,-1.8656785767698238,-7.86353682837145,5.9978582516016266,1456.0428466796875,1487.8131263767673,1424.2725669826077,14436313.15,0,1,1,1
2023-11-24,1495.0135498046875,1496.0381808672937,1483.060076613029,1484.377374325347,8234596,74.83304141549525,1472.2044189453125,1466.6765502929688,1473.0664764147346,1472.7248722184145,0.3416041963200769,-6.2225086234331455,6.564112819753222,1459.3946899414063,1492.8004091921432,1425.9889706906695,13458998.0,0,0,0,1
2023-11-28,1491.647216796875,1500.039019657181,1488.8662282888401,1498.0385947201896,14244669,68.96178552773425,1475.8295043945313,1465.9869954427083,1475.9250518581407,1474.1265273723743,1.798524485766393,-4.618302001593238,6.416826487359631,1462.2976806640625,1496.345285622967,1428.250075705158,13372718.15,0,0,0,0
2023-11-29,1521.4088134765625,1525.1655955029207,1495.8917836890453,1496.7700218665505,17021244,81.73005154115563,1482.6942138671875,1466.748116048177,1482.9225536455901,1477.6289189356473,5.293634709942808,-2.635914659286029,7.929549369228837,1465.9105590820313,1508.3781978124618,1423.4429203516008,13641005.8,0,0,0,1
2023-11-30,1521.0672607421875,1534.386749398231,1504.8202718831428,1531.1667016711801,34745720,80.74997597550875,1488.0025268554687,1467.6978881835937,1488.7909701219899,1480.84657388428,7.944396237709952,-0.5198524798868325,8.464248717596785,1469.9259460449218,1517.2853712912813,1422.5665207985624,14562421.2,0,0,0,1
2023-12-01,1517.7496337890625,1527.8490753531064,1514.5294667440867,1520.18911818209,11076768,82.6393856622524,1492.5936401367187,1468.159765625,1493.2461491476934,1483.5801338772267,9.666015270466687,1.5173210701838715,8.148694200282815,1473.873028564453,1523.4205290277728,1424.3255281011334,14269322.95,0,0,0,1
2023-12-04,1570.4425048828125,1572.9795448417256,1535.5578778802744,1549.560494546315,25331228,88.03239657148391,1502.7711669921875,1471.0757649739583,1505.122511568481,1490.0143835813442,15.108127987136868,4.235482453574471,10.872645533562398,1480.3449829101562,1543.7045481414275,1416.985417678885,14405255.5,0,0,0,1
2023-12-05,1584.396240234375,1599.3259320294558,1577.3705729869525,1596.8864476913998,26115410,90.48632396868472,1514.3343139648437,1474.613016764323,1517.3184698247726,1497.0056322223095,20.312837602463105,7.4509534833521975,12.861884119110908,1487.173095703125,1563.8210270359855,1410.5251643702645,15258642.5,0,0,0,1
2023-12-06,1588.3970947265625,1598.7892027462867,1577.5169707222801,1598.7892027462867,19306530,89.78092769993039,1525.05341796875,1478.0282958984376,1528.2536428865865,1503.7753701855875,24.478272700999014,10.856417326881562,13.621855374117452,1493.6767639160157,1581.3049961402508,1406.0485316917807,15584125.75,0,0,0,1
2023-12-07,1590.9827880859375,1594.446903361817,1577.0777278822006,1585.6647600752465,10225193,89.69454037900614,1536.5580200195313,1482.074580891927,1537.9042806095636,1510.2351789189468,27.6691016906168,14.218954199628609,13.45014749098819,1500.6634460449218,1595.9921777116012,1405.3347143782423,15046564.2,0,0,0,1
2023-12-08,1613.1822509765625,1614.9387274501821,1590.9829421853287,1590.9829421853287,16864019,92.72947112729688,1549.4287353515624,1487.171476236979,1549.485506819871,1517.8608879602516,31.62461885961943,17.700087131626773,13.924531727992658,1508.5502990722657,1613.7195215507438,1403.3810765937876,15104776.5,0,0,0,1
2023-12-11,1611.035400390625,1623.427932747453,1607.132225586529,1610.108444020829,11593810,91.56218596056038,1561.0309204101563,1493.2734334309896,1558.9547212153716,1524.7627036958347,34.192017519536876,20.998473209208797,13.193544310328079,1516.6176696777343,1627.380061580699,1405.8552777747695,15131548.5,0,0,0,1
2023-12-12,1595.0323486328125,1616.1583059342258,1592.3489159739029,1614.157881215044,18290738,82.57471855434784,1571.36943359375,1498.654931640625,1564.5051254334394,1529.9678625800552,34.53726285338416,23.70623113804387,10.831031715340295,1523.5994689941406,1635.7087797493937,1411.4901582388875,15695705.75,0,0,0,1
2023-12-13,1591.4219970703125,1596.3985212045238,1576.0044086936755,1592.9344058625784,14673457,83.36628620966212,1578.370751953125,1503.3972900390625,1568.6461826083428,1534.5200206904447,34.126161917898116,25.79021729401472,8.335944623883396,1530.5324829101562,1641.339036218527,1419.7259296017853,15914230.75,0,0,0,1
2023-12-14,1610.2060546875,1618.7929680811883,1605.1806931321125,1606.1564868665394,17586183,84.29603080418804,1587.2846313476562,1509.0455078125,1575.0400090820594,1540.1263935791153,34.91361550294414,27.614896935800605,7.298718567143535,1537.6435791015624,1649.79494874006,1425.492209463065,15762403.4,0,0,0,1
2023-12-15,1616.451171875,1627.6239625810715,1606.7419526673136,1610.0596752150886,69418565,83.91938861585483,1597.15478515625,1514.9669474283853,1581.4109572040502,1545.780080860292,35.630876343758246,29.218092817392133,6.412783526366113,1544.8742126464845,1657.806286570307,1431.9421387226619,18490485.7,0,0,0,1
2023-12-18,1615.6217041015625,1624.4038480683014,1610.9866836746726,1620.500672971973,9007377,85.12576599908277,1601.672705078125,1520.7875569661458,1586.6741490344368,1550.9535344337194,35.720614600717454,30.5185971740572,5.202017426660255,1552.2219360351562,1663.3858991481286,1441.0579729221838,18348307.7,0,0,0,1
2023-12-19,1612.8895263671875,1618.5003404754993,1604.253775432267,1610.0597006459927,12004223,80.60725219647193,1604.5220336914062,1526.2894083658855,1590.7072840087062,1555.5413856880505,35.16589832065574,31.448057403376907,3.717840917278835,1559.428173828125,1666.420192790118,1452.4361548661318,18465232.55,0,0,0,1
2023-12-20,1616.8902587890625,1628.550946563842,1604.6439994664781,1617.8660525481387,17116260,81.29383230267291,1607.3713500976562,1531.5749593098958,1594.735433974915,1560.0857466584957,34.649687316419204,32.08838338598537,2.561303930433837,1566.212384033203,1669.4620239719163,1462.9627440944898,18697046.25,0,0,0,1
2023-12-21,1645.8712158203125,1648.847434305153,1610.3035824601739,1616.890190053936,18294620,85.83512126770124,1612.8601928710937,1538.062361653646,1602.6024773357453,1566.4402258556674,36.162251480077884,32.90315700480387,3.2590944752740114,1574.7091064453125,1674.5924862554166,1474.8257266352084,18883686.0,0,0,0,1
2023-12-22,1630.405029296875,1645.0907734744355,1626.7458025863982,1642.8464001124955,24289425,71.18237838350647,1614.582470703125,1543.894356282552,1606.879793022073,1571.178359443905,35.70143357816801,33.462812319476704,2.2386212586913032,1582.0056030273438,1675.233515781757,1488.7776902729306,19772001.75,0,0,0,1
2023-12-26,1641.7242431640625,1645.1395214890267,1628.1608045372834,1632.7469877846247,9022928,70.6358099064683,1617.6513549804688,1550.295564778646,1612.240477659302,1576.403980460213,35.83649719908908,33.93754929539918,1.8989479036899013,1589.3411376953125,1676.6480433511324,1502.0342320394925,19811418.35,0,0,0,1
2023-12-27,1662.069580078125,1665.1920725034424,1637.9674024319809,1640.7972281948657,13504539,73.72725364189411,1624.355078125,1557.1846720377605,1619.9064934160442,1582.74958043191,37.156912984134124,34.58142203314617,2.5754909509879553,1597.862255859375,1677.9937136256108,1517.7307980931391,19774411.85,0,0,0,1
2023-12-28,1663.9722900390625,1679.7313829043046,1660.800960355657,1667.924302367639,22038235,73.6111615682174,1631.610107421875,1564.2250244140625,1626.6858467426623,1588.7660774398473,37.919769302814984,35.24909148707994,2.670677815735047,1604.9904296875,1681.7802049284005,1528.2006544465994,20025261.4,0,0,0,1
2023-12-29,1667.87548828125,1673.3887468615662,1654.9462209302326,1655.9220146925736,12505713,70.06805402398419,1637.37705078125,1570.8880696614583,1633.0227146716759,1594.6260337984697,38.39668087320615,35.878609364305184,2.5180715089009666,1612.3308410644531,1683.1797983233716,1541.4818838055346,18913261.05,0,0,0,1
